X,Y,timestamp,period,day
8000.0,5000.0,0.0,0.0,0.0
7866.009467376818,6477.601033306698,1.0,0.0,0.0
7476.006844729035,7823.212366975176,2.0,0.0,0.0
6864.829904811993,8916.634548137416,3.0,0.0,0.0
6087.073263430021,9660.19542983613,4.0,0.0,0.0
5212.211605003109,9987.474933020272,5.0,0.0,0.0
4318.39371592074,9869.238154390976,6.0,0.0,0.0
3485.4616862004277,9316.046833244369,7.0,0.0,0.0
2787.8188533762636,8377.315902755756,8.0,0.0,0.0
2287.783573948817,7136.89940116915,9.0,0.0,0.0
2030.022510198664,5705.600040299336,10.0,0.0,0.0
2037.5606902734053,4211.271529283759,11.0,0.0,0.0
2309.7247509975587,2787.3977835257397,12.0,0.0,0.0
2822.2030873995795,1561.1692040801313,13.0,0.0,0.0
3529.2175359779017,642.1211379320594,14.0,0.0,0.0
4367.61260170766,112.34941167451507,15.0,0.0,0.0
5262.496950318339,19.176955820796138,16.0,0.0,0.0
6133.933228138941,370.92658836133796,17.0,0.0,0.0
6904.078627827902,1136.1775622200616,18.0,0.0,0.0
7504.1383545174795,2246.572287011812,19.0,0.0,0.0
7529.1383545174795,2221.572287011812,20.0,0.0,0.0
7524.1383545174795,2242.572287011812,21.0,0.0,0.0
7514.1383545174795,2203.572287011812,22.0,0.0,0.0
7539.1383545174795,2261.572287011812,23.0,0.0,0.0
7482.1383545174795,2274.572287011812,24.0,0.0,0.0
7483.1383545174795,2233.572287011812,25.0,0.0,0.0
7517.1383545174795,2285.572287011812,26.0,0.0,0.0
7482.1383545174795,2239.572287011812,27.0,0.0,0.0
7511.1383545174795,2206.572287011812,28.0,0.0,0.0
7487.1383545174795,2221.572287011812,29.0,0.0,0.0
7475.1383545174795,2208.572287011812,30.0,0.0,0.0
7511.1383545174795,2295.572287011812,31.0,0.0,0.0
7523.1383545174795,2243.572287011812,32.0,0.0,0.0
7479.1383545174795,2257.572287011812,33.0,0.0,0.0
7496.1383545174795,2227.572287011812,34.0,0.0,0.0
7536.1383545174795,2248.572287011812,35.0,0.0,0.0
7509.1383545174795,2223.572287011812,36.0,0.0,0.0
7463.1383545174795,2252.572287011812,37.0,0.0,0.0
7514.1383545174795,2235.572287011812,38.0,0.0,0.0
7482.1383545174795,2211.572287011812,39.0,0.0,0.0
7880.510859951099,3602.9225090053706,40.0,0.0,0.0
7999.575909150246,5084.069502421748,41.0,0.0,0.0
7850.697775875589,6557.706817566889,42.0,0.0,0.0
7447.175300376072,7892.198821940998,43.0,0.0,0.0
6825.053943596766,8968.339319245762,44.0,0.0,0.0
6039.905953505077,9689.999883873694,45.0,0.0,0.0
5161.866261687949,9992.716726873025,46.0,0.0,0.0
4269.367538792627,9849.449054225432,47.0,0.0,0.0
3442.1340376499434,9272.994540441403,48.0,0.0,0.0
2754.060063207804,8314.846150410916,49.0,0.0,0.0
2266.609214345969,7060.592426208783,50.0,0.0,0.0
2023.3240236421902,5622.272117535317,51.0,0.0,0.0
2045.9364326176192,4128.366093885102,52.0,0.0,0.0
2332.4265421239174,2712.3205311233933,53.0,0.0,0.0
2857.2030439183995,1500.626562032288,54.0,0.0,0.0
3573.389216012022,601.5212001416494,55.0,0.0,0.0
4417.01028063399,95.31884966754387,56.0,0.0,0.0
5312.708080597091,27.237058980053916,57.0,0.0,0.0
6180.472599043673,403.35737167662137,58.0,0.0,0.0
6942.789015961627,1190.0820804048335,59.0,0.0,0.0
6976.789015961627,1220.0820804048335,60.0,0.0,0.0
6980.789015961627,1183.0820804048335,61.0,0.0,0.0
6978.789015961627,1175.0820804048335,62.0,0.0,0.0
6943.789015961627,1189.0820804048335,63.0,0.0,0.0
6922.789015961627,1195.0820804048335,64.0,0.0,0.0
6902.789015961627,1192.0820804048335,65.0,0.0,0.0
6988.789015961627,1226.0820804048335,66.0,0.0,0.0
6946.789015961627,1141.0820804048335,67.0,0.0,0.0
6952.789015961627,1168.0820804048335,68.0,0.0,0.0
6961.789015961627,1153.0820804048335,69.0,0.0,0.0
6937.789015961627,1143.0820804048335,70.0,0.0,0.0
6940.789015961627,1231.0820804048335,71.0,0.0,0.0
6939.789015961627,1142.0820804048335,72.0,0.0,0.0
6926.789015961627,1213.0820804048335,73.0,0.0,0.0
6912.789015961627,1145.0820804048335,74.0,0.0,0.0
6948.789015961627,1164.0820804048335,75.0,0.0,0.0
6928.789015961627,1149.0820804048335,76.0,0.0,0.0
6990.789015961627,1160.0820804048335,77.0,0.0,0.0
6944.789015961627,1228.0820804048335,78.0,0.0,0.0
6986.789015961627,1187.0820804048335,79.0,0.0,0.0
7531.5618761974765,2317.1354099978253,80.0,0.0,0.0
7894.197853659828,3683.8410431709863,81.0,0.0,0.0
7998.303756503014,5168.115236105684,82.0,0.0,0.0
7834.580114479582,6637.372195688466,83.0,0.0,0.0
7417.651872921352,7960.367573536116,84.0,0.0,0.0
6784.761989929676,9018.922132758105,85.0,0.0,0.0
5992.444633847146,9718.47834722052,86.0,0.0,0.0
5111.475154372479,9996.546943739588,87.0,0.0,0.0
4220.5479313587375,9828.28888274639,88.0,0.0,0.0
3399.2468402326467,9228.734155714672,89.0,0.0,0.0
2720.9362614235365,8251.439200785584,90.0,0.0,0.0
2246.2076587571223,6983.702865653068,91.0,0.0,0.0
2017.4671244485544,5538.76826149722,92.0,0.0,0.0
2055.1473691808455,4045.707093129062,93.0,0.0,0.0
2355.882528913296,2637.890068007669,94.0,0.0,0.0
2892.8088274918596,1441.073288154384,95.0,0.0,0.0
3617.9642377659125,562.1648320924769,96.0,0.0,0.0
4466.572786630642,79.67497459178594,97.0,0.0,0.0
5362.830799785423,36.70309764683407,98.0,0.0,0.0
6226.678218196639,437.0877510440778,99.0,0.0,0.0
6260.678218196639,460.0877510440778,100.0,0.0,0.0
6237.678218196639,409.0877510440778,101.0,0.0,0.0
6240.678218196639,453.0877510440778,102.0,0.0,0.0
6216.678218196639,411.0877510440778,103.0,0.0,0.0
6265.678218196639,455.0877510440778,104.0,0.0,0.0
6264.678218196639,388.0877510440778,105.0,0.0,0.0
6187.678218196639,396.0877510440778,106.0,0.0,0.0
6181.678218196639,461.0877510440778,107.0,0.0,0.0
6221.678218196639,456.0877510440778,108.0,0.0,0.0
6266.678218196639,444.0877510440778,109.0,0.0,0.0
6192.678218196639,474.0877510440778,110.0,0.0,0.0
6267.678218196639,466.0877510440778,111.0,0.0,0.0
6276.678218196639,465.0877510440778,112.0,0.0,0.0
6235.678218196639,469.0877510440778,113.0,0.0,0.0
6194.678218196639,475.0877510440778,114.0,0.0,0.0
6199.678218196639,413.0877510440778,115.0,0.0,0.0
6271.678218196639,458.0877510440778,116.0,0.0,0.0
6234.678218196639,405.0877510440778,117.0,0.0,0.0
6187.678218196639,407.0877510440778,118.0,0.0,0.0
6216.678218196639,431.0877510440778,119.0,0.0,0.0
6980.9501247322405,1245.06376614162,120.0,0.0,0.0
7558.269656392619,2388.457051866342,121.0,0.0,0.0
7907.066578817146,3765.1316913168785,122.0,0.0,0.0
7996.183901730505,5252.113439034056,123.0,0.0,0.0
7817.661040090612,6716.574644099477,124.0,0.0,0.0
7387.444909441832,8027.699348598005,125.0,0.0,0.0
6743.965435443307,9068.368687535527,126.0,0.0,0.0
5944.702723063812,9745.622768239467,127.0,0.0,0.0
5061.052529995049,9998.964500713346,128.0,0.0,0.0
4171.948696251598,9805.763622510582,129.0,0.0,0.0
3356.8122193271947,9183.27819268028,130.0,0.0,0.0
2688.4568130242938,8187.112980751194,131.0,0.0,0.0
2226.584675257639,6906.252458274717,132.0,0.0,0.0
2012.4534685226618,5455.112080999239,133.0,0.0,0.0
2065.1908957804776,3963.3178969662063,134.0,0.0,0.0
2380.086079719453,2564.1274376974525,135.0,0.0,0.0
2929.0103713952826,1382.5262197787747,136.0,0.0,0.0
3662.929998666991,524.0631609015991,137.0,0.0,0.0
4516.286107027434,65.42220939675644,138.0,0.0,0.0
5412.850936825627,47.57239551421753,139.0,0.0,0.0
5411.850936825627,6.572395514217533,140.0,0.0,0.0
5370.850936825627,68.57239551421753,141.0,0.0,0.0
5433.850936825627,86.57239551421753,142.0,0.0,0.0
5407.850936825627,57.57239551421753,143.0,0.0,0.0
5370.850936825627,22.572395514217533,144.0,0.0,0.0
5398.850936825627,84.57239551421753,145.0,0.0,0.0
5404.850936825627,9.572395514217533,146.0,0.0,0.0
5398.850936825627,17.572395514217533,147.0,0.0,0.0
5395.850936825627,57.57239551421753,148.0,0.0,0.0
5389.850936825627,52.57239551421753,149.0,0.0,0.0
5377.850936825627,65.57239551421753,150.0,0.0,0.0
5403.850936825627,29.572395514217533,151.0,0.0,0.0
5375.850936825627,33.57239551421753,152.0,0.0,0.0
5446.850936825627,20.572395514217533,153.0,0.0,0.0
5364.850936825627,-0.42760448578246724,154.0,0.0,0.0
5444.850936825627,48.57239551421753,155.0,0.0,0.0
5441.850936825627,56.57239551421753,156.0,0.0,0.0
5446.850936825627,70.57239551421753,157.0,0.0,0.0
5368.850936825627,41.57239551421753,158.0,0.0,0.0
5393.850936825627,32.57239551421753,159.0,0.0,0.0
6272.537022010991,472.1081899668807,160.0,0.0,0.0
7018.551164955041,1301.107074610533,161.0,0.0,0.0
7584.254144086103,2460.517048046874,162.0,0.0,0.0
7919.113397083998,3846.7714703630218,163.0,0.0,0.0
7993.216944173391,5336.040362627375,164.0,0.0,0.0
7799.945336191766,6795.291770110841,165.0,0.0,0.0
7356.562950268721,8094.175110600196,166.0,0.0,0.0
6702.67581443464,9116.665003690397,167.0,0.0,0.0
5896.693719093415,9771.425472463485,168.0,0.0,0.0
5010.6126444047295,9999.968714285103,169.0,0.0,0.0
4123.583573798492,9781.879642022515,170.0,0.0,0.0
3314.8421723565502,9136.639502976894,171.0,0.0,0.0
2656.630900834664,8121.885677081971,172.0,0.0,0.0
2207.7458117993488,6828.263101413107,173.0,0.0,0.0
2008.2844733615789,5371.327227921806,174.0,0.0,0.0
2076.064172838027,3881.221799066018,175.0,0.0,0.0
2405.030351539429,2491.0534948971444,176.0,0.0,0.0
2965.7974404663164,1325.0019097561235,177.0,0.0,0.0
3708.27378567011,487.2269589490734,178.0,0.0,0.0
4566.13618651483,52.564583727324134,179.0,0.0,0.0
4577.13618651483,87.56458372732413,180.0,0.0,0.0
4542.13618651483,73.56458372732413,181.0,0.0,0.0
4592.13618651483,71.56458372732413,182.0,0.0,0.0
4557.13618651483,45.564583727324134,183.0,0.0,0.0
4519.13618651483,20.564583727324134,184.0,0.0,0.0
4553.13618651483,47.564583727324134,185.0,0.0,0.0
4603.13618651483,49.564583727324134,186.0,0.0,0.0
4568.13618651483,54.564583727324134,187.0,0.0,0.0
4598.13618651483,9.564583727324134,188.0,0.0,0.0
4612.13618651483,31.564583727324134,189.0,0.0,0.0
4583.13618651483,11.564583727324134,190.0,0.0,0.0
4544.13618651483,21.564583727324134,191.0,0.0,0.0
4602.13618651483,18.564583727324134,192.0,0.0,0.0
4535.13618651483,46.564583727324134,193.0,0.0,0.0
4532.13618651483,50.564583727324134,194.0,0.0,0.0
4520.13618651483,60.564583727324134,195.0,0.0,0.0
4602.13618651483,28.564583727324134,196.0,0.0,0.0
4603.13618651483,88.56458372732413,197.0,0.0,0.0
4604.13618651483,49.564583727324134,198.0,0.0,0.0
4582.13618651483,87.56458372732413,199.0,0.0,0.0
5462.754349662752,59.84187953569108,200.0,0.0,0.0
6318.036044953993,508.4087872132186,201.0,0.0,0.0
7055.5815057919535,1358.196160842021,202.0,0.0,0.0
7609.507992755627,2533.2950252161086,203.0,0.0,0.0
7930.334902496783,3928.7372985205616,204.0,0.0,0.0
7989.403722671374,5419.872278458734,205.0,0.0,0.0
7781.438011494996,6873.501318247294,206.0,0.0,0.0
7325.014726572888,8159.776065034424,207.0,0.0,0.0
6660.904800603965,9163.797426538898,208.0,0.0,0.0
5848.431195388827,9795.879164765392,209.0,0.0,0.0
4960.169758330821,9999.559300536337,210.0,0.0,0.0
4075.4662381366784,9756.643693933915,211.0,0.0,0.0
3273.3485653959706,9088.83127263221,212.0,0.0,0.0
2625.4675229067293,8055.7757313129805,213.0,0.0,0.0
2189.6963946419987,6749.756844783344,214.0,0.0,0.0
2004.9613176537732,5287.437390524623,215.0,0.0,0.0
2087.7641261819526,3799.442010231128,216.0,0.0,0.0
2430.7082919482837,2418.6888996003645,217.0,0.0,0.0
3003.159633998722,1268.5166217754186,218.0,0.0,0.0
3753.9827788518096,451.66664083237356,219.0,0.0,0.0
3784.9827788518096,472.66664083237356,220.0,0.0,0.0
3730.9827788518096,418.66664083237356,221.0,0.0,0.0
3762.9827788518096,471.66664083237356,222.0,0.0,0.0
3775.9827788518096,442.66664083237356,223.0,0.0,0.0
3742.9827788518096,488.66664083237356,224.0,0.0,0.0
3742.9827788518096,496.66664083237356,225.0,0.0,0.0
3736.9827788518096,432.66664083237356,226.0,0.0,0.0
3759.9827788518096,428.66664083237356,227.0,0.0,0.0
3762.9827788518096,440.66664083237356,228.0,0.0,0.0
3800.9827788518096,407.66664083237356,229.0,0.0,0.0
3735.9827788518096,408.66664083237356,230.0,0.0,0.0
3778.9827788518096,445.66664083237356,231.0,0.0,0.0
3798.9827788518096,458.66664083237356,232.0,0.0,0.0
3760.9827788518096,487.66664083237356,233.0,0.0,0.0
3710.9827788518096,436.66664083237356,234.0,0.0,0.0
3774.9827788518096,492.66664083237356,235.0,0.0,0.0
3730.9827788518096,406.66664083237356,236.0,0.0,0.0
3802.9827788518096,461.66664083237356,237.0,0.0,0.0
3783.9827788518096,409.66664083237356,238.0,0.0,0.0
3705.9827788518096,454.66664083237356,239.0,0.0,0.0
4616.108931117786,41.10573278442098,240.0,0.0,0.0
5512.526929242949,73.50808079398121,241.0,0.0,0.0
6363.162423212808,545.9792796156935,242.0,0.0,0.0
7092.030677757186,1416.3148841967122,243.0,0.0,0.0
7634.02406245042,2606.770407057894,244.0,0.0,0.0
7940.727922430324,4011.0060018176887,245.0,0.0,0.0
7984.745315326021,5503.585484962503,246.0,0.0,0.0
7762.144298524994,6951.181176539731,247.0,0.0,0.0
7292.809157896341,8224.483664724337,248.0,0.0,0.0
6618.664203754465,9209.752630461506,249.0,0.0,0.0
5799.928797079812,9818.976931420439,250.0,0.0,0.0
4909.7381333509475,9997.73637521946,251.0,0.0,0.0
4027.6102933473094,9730.062913134541,252.0,0.0,0.0
3232.343129818153,9039.867018334926,253.0,0.0,0.0
2594.975489976122,7988.801834526303,254.0,0.0,0.0
2172.441526847351,6670.755884242102,255.0,0.0,0.0
2002.4849409458643,5203.466286749324,256.0,0.0,0.0
2100.2874479168263,3718.00165183491,257.0,0.0,0.0
2457.1126410929514,2347.054111248982,258.0,0.0,0.0
3041.08638868288,1213.0863257658698,259.0,0.0,0.0
3049.08638868288,1249.0863257658698,260.0,0.0,0.0
3027.08638868288,1262.0863257658698,261.0,0.0,0.0
3070.08638868288,1182.0863257658698,262.0,0.0,0.0
3054.08638868288,1259.0863257658698,263.0,0.0,0.0
3073.08638868288,1171.0863257658698,264.0,0.0,0.0
2996.08638868288,1252.0863257658698,265.0,0.0,0.0
3026.08638868288,1241.0863257658698,266.0,0.0,0.0
3073.08638868288,1179.0863257658698,267.0,0.0,0.0
3080.08638868288,1175.0863257658698,268.0,0.0,0.0
3071.08638868288,1221.0863257658698,269.0,0.0,0.0
3035.08638868288,1230.0863257658698,270.0,0.0,0.0
3085.08638868288,1173.0863257658698,271.0,0.0,0.0
3010.08638868288,1224.0863257658698,272.0,0.0,0.0
3083.08638868288,1217.0863257658698,273.0,0.0,0.0
3005.08638868288,1197.0863257658698,274.0,0.0,0.0
2992.08638868288,1194.0863257658698,275.0,0.0,0.0
3037.08638868288,1191.0863257658698,276.0,0.0,0.0
3074.08638868288,1232.0863257658698,277.0,0.0,0.0
3004.08638868288,1193.0863257658698,278.0,0.0,0.0
3085.08638868288,1188.0863257658698,279.0,0.0,0.0
3800.044055034946,417.39226042183145,280.0,0.0,0.0
4666.190212180475,31.048896297271313,281.0,0.0,0.0
5562.154603502537,88.56713548182779,282.0,0.0,0.0
6407.903398331327,584.8090449729061,283.0,0.0,0.0
7127.888375677184,1475.4468129287347,284.0,0.0,0.0
7657.795421809945,2680.922420080863,285.0,0.0,0.0
7950.28951849485,4093.554320651526,286.0,0.0,0.0
7979.243039195947,5587.156314135478,287.0,0.0,0.0
7742.069652139863,7028.309382776679,288.0,0.0,0.0
7259.955349630395,8288.279615069321,289.0,0.0,0.0
6575.965966453189,9254.517622670592,290.0,0.0,0.0
5751.200237115286,9840.712242060947,291.0,0.0,0.0
4859.332027858871,9994.500453725104,292.0,0.0,0.0
3980.0292696092847,9702.144814735031,293.0,0.0,0.0
3191.8374589764353,8989.760583613175,294.0,0.0,0.0
2565.163422970926,7920.982922066429,295.0,0.0,0.0
2155.9860868364503,6591.282555512441,296.0,0.0,0.0
2000.8560433769853,5119.437657513694,297.0,0.0,0.0
2113.6305973585318,3636.9237492846314,298.0,0.0,0.0
2484.2359337448643,2276.169382948475,299.0,0.0,0.0
2518.2359337448643,2247.169382948475,300.0,0.0,0.0
2457.2359337448643,2320.169382948475,301.0,0.0,0.0
2510.2359337448643,2312.169382948475,302.0,0.0,0.0
2529.2359337448643,2251.169382948475,303.0,0.0,0.0
2492.2359337448643,2244.169382948475,304.0,0.0,0.0
2439.2359337448643,2251.169382948475,305.0,0.0,0.0
2501.2359337448643,2318.169382948475,306.0,0.0,0.0
2522.2359337448643,2292.169382948475,307.0,0.0,0.0
2464.2359337448643,2240.169382948475,308.0,0.0,0.0
2510.2359337448643,2294.169382948475,309.0,0.0,0.0
2436.2359337448643,2269.169382948475,310.0,0.0,0.0
2500.2359337448643,2243.169382948475,311.0,0.0,0.0
2508.2359337448643,2311.169382948475,312.0,0.0,0.0
2496.2359337448643,2243.169382948475,313.0,0.0,0.0
2449.2359337448643,2241.169382948475,314.0,0.0,0.0
2440.2359337448643,2284.169382948475,315.0,0.0,0.0
2513.2359337448643,2300.169382948475,316.0,0.0,0.0
2526.2359337448643,2305.169382948475,317.0,0.0,0.0
2512.2359337448643,2238.169382948475,318.0,0.0,0.0
2470.2359337448643,2278.169382948475,319.0,0.0,0.0
3079.566981592401,1158.7266933816659,320.0,0.0,0.0
3846.4445914423086,384.413508018215,321.0,0.0,0.0
4716.3658703609,22.396917607423347,322.0,0.0,0.0
5611.623341346442,105.01478599435086,323.0,0.0,0.0
6452.246320817465,624.8871050527496,324.0,0.0,0.0
7163.144461604246,1535.5752288315216,325.0,0.0,0.0
7680.81535002352,2755.730099491477,326.0,0.0,0.0
7959.0169873667655,4176.358916364339,327.0,0.0,0.0
7972.898449924463,5670.561138228286,328.0,0.0,0.0
7721.219747988825,7104.864130713824,329.0,0.0,0.0
7226.462590441348,8351.145879216874,330.0,0.0,0.0
6532.822160654666,9298.07974688373,331.0,0.0,0.0
5702.259292386143,9861.078951522695,332.0,0.0,0.0
4808.965693033374,9989.852450936407,333.0,0.0,0.0
3932.736619373777,9672.897291942087,334.0,0.0,0.0
3151.843004927045,8938.52613492059,335.0,0.0,0.0
2536.0397505743867,7852.3381681868905,336.0,0.0,0.0
2140.334727010308,6511.359327868635,337.0,0.0,0.0
2000.0750854808407,5035.375259999655,338.0,0.0,0.0
2127.7898020353523,3556.231225511317,339.0,0.0,0.0
2174.7898020353523,3524.231225511317,340.0,0.0,0.0
2167.7898020353523,3514.231225511317,341.0,0.0,0.0
2092.7898020353523,3543.231225511317,342.0,0.0,0.0
2165.7898020353523,3574.231225511317,343.0,0.0,0.0
2085.7898020353523,3519.231225511317,344.0,0.0,0.0
2116.7898020353523,3543.231225511317,345.0,0.0,0.0
2108.7898020353523,3528.231225511317,346.0,0.0,0.0
2170.7898020353523,3556.231225511317,347.0,0.0,0.0
2161.7898020353523,3578.231225511317,348.0,0.0,0.0
2126.7898020353523,3526.231225511317,349.0,0.0,0.0
2168.7898020353523,3603.231225511317,350.0,0.0,0.0
2168.7898020353523,3588.231225511317,351.0,0.0,0.0
2120.7898020353523,3596.231225511317,352.0,0.0,0.0
2082.7898020353523,3537.231225511317,353.0,0.0,0.0
2117.7898020353523,3556.231225511317,354.0,0.0,0.0
2108.7898020353523,3567.231225511317,355.0,0.0,0.0
2109.7898020353523,3532.231225511317,356.0,0.0,0.0
2130.7898020353523,3526.231225511317,357.0,0.0,0.0
2154.7898020353523,3528.231225511317,358.0,0.0,0.0
2141.7898020353523,3563.231225511317,359.0,0.0,0.0
2512.0705014105492,2206.054755741919,360.0,0.0,0.0
3118.5905332156876,1105.4530935713142,361.0,0.0,0.0
3893.1712693786594,352.73970761292003,362.0,0.0,0.0
4766.621719634009,15.152242864879554,363.0,0.0,0.0
5660.919156615307,122.84638213283779,364.0,0.0,0.0
6496.178653719457,666.2021286962035,365.0,0.0,0.0
7197.788967682718,1596.6831319643602,366.0,0.0,0.0
7703.077338730553,2831.1722951215797,367.0,0.0,0.0
7966.907861552938,4259.396377841818,368.0,0.0,0.0
7965.713341299737,5753.776376425811,369.0,0.0,0.0
7699.600480907582,7180.8237762391245,370.0,0.0,0.0
7192.3403496443625,8413.064683162022,371.0,0.0,0.0
6489.24498428772,9340.42668690209,372.0,0.0,0.0
5653.119799830317,9880.071301582251,373.0,0.0,0.0
4758.653368808927,9983.793680970328,374.0,0.0,0.0
3885.7457135609175,9642.328613826892,375.0,0.0,0.0
3112.3710751913522,8886.178157631133,376.0,0.0,0.0
2507.6127068418073,7782.886980628997,377.0,0.0,0.0
2125.491872434596,6431.008797783768,378.0,0.0,0.0
2000.142288055495,4951.302860936233,379.0,0.0,0.0
2013.142288055495,4926.302860936233,380.0,0.0,0.0
1986.142288055495,4998.302860936233,381.0,0.0,0.0
1954.142288055495,4998.302860936233,382.0,0.0,0.0
1975.142288055495,4944.302860936233,383.0,0.0,0.0
2050.142288055495,4906.302860936233,384.0,0.0,0.0
1979.142288055495,4941.302860936233,385.0,0.0,0.0
2018.142288055495,4935.302860936233,386.0,0.0,0.0
1955.142288055495,4998.302860936233,387.0,0.0,0.0
1999.142288055495,4918.302860936233,388.0,0.0,0.0
1983.142288055495,4977.302860936233,389.0,0.0,0.0
2035.142288055495,4994.302860936233,390.0,0.0,0.0
2033.142288055495,4989.302860936233,391.0,0.0,0.0
2029.142288055495,4949.302860936233,392.0,0.0,0.0
2050.142288055495,4960.302860936233,393.0,0.0,0.0
2029.142288055495,4935.302860936233,394.0,0.0,0.0
1958.142288055495,4960.302860936233,395.0,0.0,0.0
2036.142288055495,4940.302860936233,396.0,0.0,0.0
1962.142288055495,4924.302860936233,397.0,0.0,0.0
2035.142288055495,4904.302860936233,398.0,0.0,0.0
1998.142288055495,4963.302860936233,399.0,0.0,0.0
2142.761058754531,3475.9468944889168,400.0,0.0,0.0
2540.6084744996806,2136.73005294393,401.0,0.0,0.0
3158.146010531977,1053.2805882322664,402.0,0.0,0.0
3940.210877939593,322.3798142519245,403.0,0.0,0.0
4816.943551302608,9.316920336483236,404.0,0.0,0.0
5710.028112039693,142.05688241945427,405.0,0.0,0.0
6539.687976170337,708.7424350209112,406.0,0.0,0.0
7231.812098967268,1658.7532454588982,407.0,0.0,0.0
7724.575093860554,2907.2276774078728,408.0,0.0,0.0
7973.959910088343,4342.643228132266,409.0,0.0,0.0
7957.6897447476495,5836.778501514034,410.0,0.0,0.0
7677.217963251716,7256.166843492107,411.0,0.0,0.0
7157.598274526157,8474.01852077267,412.0,0.0,0.0
6445.246757806836,9381.546470092504,413.0,0.0,0.0
5603.795652520535,9897.683922585047,414.0,0.0,0.0
4708.4092798497295,9976.32585680614,415.0,0.0,0.0
3839.0698377795306,9610.447422987261,416.0,0.0,0.0
3073.432829558822,8832.731451943564,417.0,0.0,0.0
2479.8903288726096,7712.648995134848,418.0,0.0,0.0
2111.461719588509,6350.253682540829,419.0,0.0,0.0
2067.461719588509,6350.253682540829,420.0,0.0,0.0
2067.461719588509,6346.253682540829,421.0,0.0,0.0
2069.461719588509,6330.253682540829,422.0,0.0,0.0
2062.461719588509,6349.253682540829,423.0,0.0,0.0
2078.461719588509,6363.253682540829,424.0,0.0,0.0
2112.461719588509,6314.253682540829,425.0,0.0,0.0
2155.461719588509,6324.253682540829,426.0,0.0,0.0
2115.461719588509,6389.253682540829,427.0,0.0,0.0
2146.461719588509,6396.253682540829,428.0,0.0,0.0
2155.461719588509,6357.253682540829,429.0,0.0,0.0
2096.461719588509,6348.253682540829,430.0,0.0,0.0
2155.461719588509,6328.253682540829,431.0,0.0,0.0
2149.461719588509,6377.253682540829,432.0,0.0,0.0
2098.461719588509,6351.253682540829,433.0,0.0,0.0
2079.461719588509,6398.253682540829,434.0,0.0,0.0
2083.461719588509,6367.253682540829,435.0,0.0,0.0
2146.461719588509,6363.253682540829,436.0,0.0,0.0
2100.461719588509,6330.253682540829,437.0,0.0,0.0
2115.461719588509,6368.253682540829,438.0,0.0,0.0
2067.461719588509,6307.253682540829,439.0,0.0,0.0
2001.0576321009503,4867.244229880166,440.0,0.0,0.0
2158.5401347340667,3396.0934547842744,441.0,0.0,0.0
2569.8417845500967,2068.214874535889,442.0,0.0,0.0
3198.2222301306115,1002.2239279526048,443.0,0.0,0.0
3987.5501177467695,293.3424115038506,444.0,0.0,0.0
4867.317138014483,4.892599826825062,445.0,0.0,0.0
5758.936323180469,162.64085552259257,446.0,0.0,0.0
6582.761986899768,752.4959967237828,447.0,0.0,0.0
7265.204236192121,1721.7680204036851,448.0,0.0,0.0
7745.302537412714,2983.874743422619,449.0,0.0,0.0
7980.171139166815,4426.075931084064,450.0,0.0,0.0
7948.829928757457,5919.544046531715,451.0,0.0,0.0
7654.0785231685095,7330.87203093586,452.0,0.0,0.0
7122.246187617502,8533.990158738961,453.0,0.0,0.0
6400.8399207088705,9421.427470772422,454.0,0.0,0.0
5554.300795736539,9913.911834963465,455.0,0.0,0.0
4658.24763152808,9967.451089801107,456.0,0.0,0.0
3792.7221885708113,9577.262733104053,457.0,0.0,0.0
3035.039276931905,8778.201128697106,458.0,0.0,0.0
2452.8804545379908,7641.644069895682,459.0,0.0,0.0
2470.8804545379908,7605.644069895682,460.0,0.0,0.0
2494.8804545379908,7682.644069895682,461.0,0.0,0.0
2404.8804545379908,7688.644069895682,462.0,0.0,0.0
2492.8804545379908,7654.644069895682,463.0,0.0,0.0
2439.8804545379908,7650.644069895682,464.0,0.0,0.0
2483.8804545379908,7639.644069895682,465.0,0.0,0.0
2482.8804545379908,7628.644069895682,466.0,0.0,0.0
2420.8804545379908,7638.644069895682,467.0,0.0,0.0
2464.8804545379908,7623.644069895682,468.0,0.0,0.0
2501.8804545379908,7609.644069895682,469.0,0.0,0.0
2501.8804545379908,7648.644069895682,470.0,0.0,0.0
2498.8804545379908,7600.644069895682,471.0,0.0,0.0
2452.8804545379908,7604.644069895682,472.0,0.0,0.0
2482.8804545379908,7689.644069895682,473.0,0.0,0.0
2464.8804545379908,7604.644069895682,474.0,0.0,0.0
2472.8804545379908,7599.644069895682,475.0,0.0,0.0
2489.8804545379908,7650.644069895682,476.0,0.0,0.0
2437.8804545379908,7636.644069895682,477.0,0.0,0.0
2451.8804545379908,7613.644069895682,478.0,0.0,0.0
2500.8804545379908,7601.644069895682,479.0,0.0,0.0
2098.248235178353,6269.116813810181,480.0,0.0,0.0
2002.820858824516,4783.223132495708,481.0,0.0,0.0
2175.122568799471,3316.6934831394246,482.0,0.0,0.0
2599.7621665089314,2000.528591624619,483.0,0.0,0.0
3238.807861372942,952.2975478405824,484.0,0.0,0.0
4035.175604707858,265.6357090332622,485.0,0.0,0.0
4917.728237784795,1.8805322118050753,486.0,0.0,0.0
5807.62996235444,184.59248179249698,487.0,0.0,0.0
6625.388507711878,797.450443481378,488.0,0.0,0.0
7297.955938490739,1785.7096408058055,489.0,0.0,0.0
7765.253809174248,3061.091822952848,490.0,0.0,0.0
7985.539792704734,4509.670897999881,491.0,0.0,0.0
7939.13639824042,6002.049611405341,492.0,0.0,0.0
7630.188702807833,7404.918217379434,493.0,0.0,0.0
7086.294083916087,8592.962641445672,494.0,0.0,0.0
6356.037028016027,9460.058413496852,495.0,0.0,0.0
5504.649223022219,9928.750450644744,496.0,0.0,0.0
4608.182605907997,9957.17188909355,497.0,0.0,0.0
3746.715869677384,9542.783926392825,498.0,0.0,0.0
2997.201272213477,8722.602605099124,499.0,0.0,0.0
3019.201272213477,8702.602605099124,500.0,0.0,0.0
3044.201272213477,8764.602605099124,501.0,0.0,0.0
3016.201272213477,8738.602605099124,502.0,0.0,0.0
3046.201272213477,8726.602605099124,503.0,0.0,0.0
3042.201272213477,8726.602605099124,504.0,0.0,0.0
3045.201272213477,8695.602605099124,505.0,0.0,0.0
3036.201272213477,8679.602605099124,506.0,0.0,0.0
2995.201272213477,8767.602605099124,507.0,0.0,0.0
3022.201272213477,8686.602605099124,508.0,0.0,0.0
2949.201272213477,8694.602605099124,509.0,0.0,0.0
2980.201272213477,8764.602605099124,510.0,0.0,0.0
2968.201272213477,8740.602605099124,511.0,0.0,0.0
2964.201272213477,8744.602605099124,512.0,0.0,0.0
3040.201272213477,8709.602605099124,513.0,0.0,0.0
3015.201272213477,8745.602605099124,514.0,0.0,0.0
3022.201272213477,8759.602605099124,515.0,0.0,0.0
2979.201272213477,8743.602605099124,516.0,0.0,0.0
3020.201272213477,8766.602605099124,517.0,0.0,0.0
3036.201272213477,8684.602605099124,518.0,0.0,0.0
2972.201272213477,8690.602605099124,519.0,0.0,0.0
2426.5907202650365,7569.892279937676,520.0,0.0,0.0
2085.8551550160096,6187.621131194197,521.0,0.0,0.0
2005.4314697139807,4699.263323835215,522.0,0.0,0.0
2192.5036726450426,3237.7694280886626,523.0,0.0,0.0
2630.3611610694043,1933.6903409655547,524.0,0.0,0.0
3279.891429595673,903.515563443596,525.0,0.0,0.0
4083.073873800722,239.26754027947663,526.0,0.0,0.0
4968.1625980228055,0.2815690849647581,527.0,0.0,0.0
5856.095262543729,207.905554906607,528.0,0.0,0.0
6667.555486928413,843.5930654473859,529.0,0.0,0.0
7330.057946064893,1850.5600286277304,530.0,0.0,0.0
7784.4232683773025,3138.8570846273433,531.0,0.0,0.0
7990.064352837546,4593.404494306049,532.0,0.0,0.0
7928.611893821599,6084.271869564836,533.0,0.0,0.0
7605.555256472475,7478.284467949471,534.0,0.0,0.0
7049.75212806078,8650.919295765834,535.0,0.0,0.0
6310.850746726177,9497.42837624626,536.0,0.0,0.0
5454.854972229353,9942.195574348127,537.0,0.0,0.0
4558.228357735654,9945.491160893442,538.0,0.0,0.0
3701.0638883384604,9507.02075095117,539.0,0.0,0.0
3658.0638883384604,9529.02075095117,540.0,0.0,0.0
3676.0638883384604,9518.02075095117,541.0,0.0,0.0
3667.0638883384604,9535.02075095117,542.0,0.0,0.0
3670.0638883384604,9519.02075095117,543.0,0.0,0.0
3715.0638883384604,9497.02075095117,544.0,0.0,0.0
3675.0638883384604,9475.02075095117,545.0,0.0,0.0
3675.0638883384604,9478.02075095117,546.0,0.0,0.0
3715.0638883384604,9512.02075095117,547.0,0.0,0.0
3713.0638883384604,9465.02075095117,548.0,0.0,0.0
3673.0638883384604,9503.02075095117,549.0,0.0,0.0
3661.0638883384604,9530.02075095117,550.0,0.0,0.0
3684.0638883384604,9480.02075095117,551.0,0.0,0.0
3737.0638883384604,9458.02075095117,552.0,0.0,0.0
3652.0638883384604,9499.02075095117,553.0,0.0,0.0
3656.0638883384604,9477.02075095117,554.0,0.0,0.0
3686.0638883384604,9487.02075095117,555.0,0.0,0.0
3733.0638883384604,9478.02075095117,556.0,0.0,0.0
3744.0638883384604,9510.02075095117,557.0,0.0,0.0
3683.0638883384604,9539.02075095117,558.0,0.0,0.0
3677.0638883384604,9499.02075095117,559.0,0.0,0.0
2959.929513237984,8665.951600366461,560.0,0.0,0.0
2401.028558877554,7497.413911445819,561.0,0.0,0.0
2074.285982962744,6105.789675741736,562.0,0.0,0.0
2008.88872667855,4615.388541623086,563.0,0.0,0.0
2210.678532159396,3159.343603611638,564.0,0.0,0.0
2661.6301170623938,1867.7190195524868,565.0,0.0,0.0
3321.461319355265,855.8917667570795,566.0,0.0,0.0
4131.231382880268,214.24536024188728,567.0,0.0,0.0
5018.605959561388,0.09616251672287035,568.0,0.0,0.0
5904.318521288152,232.5734836242891,569.0,0.0,0.0
6709.251002795936,890.910816845887,570.0,0.0,0.0
7361.501182802833,1916.3008488987957,571.0,0.0,0.0
7802.805495293716,3217.1485420888357,572.0,0.0,0.0
7993.74354034888,4677.253046234561,573.0,0.0,0.0
7917.259391065001,6166.187574538715,574.0,0.0,0.0
7580.185148708606,7550.950040008815,575.0,0.0,0.0
7012.630651457621,8707.84373577498,576.0,0.0,0.0
6265.293852231607,9533.526793514473,577.0,0.0,0.0
5404.932121548695,9954.24340477099,578.0,0.0,0.0
4508.399010437379,9932.41220766074,579.0,0.0,0.0
4477.399010437379,9981.41220766074,580.0,0.0,0.0
4533.399010437379,9925.41220766074,581.0,0.0,0.0
4503.399010437379,9972.41220766074,582.0,0.0,0.0
4508.399010437379,9923.41220766074,583.0,0.0,0.0
4487.399010437379,9956.41220766074,584.0,0.0,0.0
4497.399010437379,9920.41220766074,585.0,0.0,0.0
4495.399010437379,9949.41220766074,586.0,0.0,0.0
4513.399010437379,9903.41220766074,587.0,0.0,0.0
4543.399010437379,9901.41220766074,588.0,0.0,0.0
4550.399010437379,9884.41220766074,589.0,0.0,0.0
4507.399010437379,9896.41220766074,590.0,0.0,0.0
4526.399010437379,9938.41220766074,591.0,0.0,0.0
4558.399010437379,9906.41220766074,592.0,0.0,0.0
4491.399010437379,9910.41220766074,593.0,0.0,0.0
4516.399010437379,9946.41220766074,594.0,0.0,0.0
4532.399010437379,9909.41220766074,595.0,0.0,0.0
4475.399010437379,9896.41220766074,596.0,0.0,0.0
4469.399010437379,9936.41220766074,597.0,0.0,0.0
4546.399010437379,9933.41220766074,598.0,0.0,0.0
4558.399010437379,9884.41220766074,599.0,0.0,0.0
